Code,Date,Status

HH0,2025-05-04,Available
HH0,2025-05-05,Available
HH0,2025-05-06,Available
HH0,2025-05-07,Available
HH0,2025-05-08,Available
HH0,2025-05-09,Available
HH0,2025-05-10,Available
HH0,2025-05-11,Available
HH0,2025-05-12,Available
HH0,2025-05-13,Available
HH0,2025-05-14,Available
HH0,2025-05-15,Available
HH0,2025-05-16,Available
HH0,2025-05-17,Available
HH0,2025-05-18,Available
HH0,2025-05-19,Available
HH0,2025-05-20,Available
HH0,2025-05-21,Available
HH0,2025-05-22,Available
HH0,2025-05-23,Available
HH0,2025-05-24,Available
HH0,2025-05-25,Available
HH0,2025-05-26,Available
HH0,2025-05-27,Available
HH0,2025-05-28,Available
HH0,2025-05-29,Available
HH0,2025-05-30,Available
HH0,2025-05-31,Available
HH0,2025-06-01,Available
HH0,2025-06-02,Available
HH1,2025-05-04,Available
HH1,2025-05-05,Available
HH1,2025-05-06,Available
HH1,2025-05-07,Available
HH1,2025-05-08,Available
HH1,2025-05-09,Available
HH1,2025-05-10,Available
HH1,2025-05-11,Available
HH1,2025-05-12,Available
HH1,2025-05-13,Available
HH1,2025-05-14,Available
HH1,2025-05-15,Available
HH1,2025-05-16,Available
HH1,2025-05-17,Available
HH1,2025-05-18,Available
HH1,2025-05-19,Available
HH1,2025-05-20,Available
HH1,2025-05-21,Available
HH1,2025-05-22,Available
HH1,2025-05-23,Available
HH1,2025-05-24,Available
HH1,2025-05-25,Available
HH1,2025-05-26,Available
HH1,2025-05-27,Available
HH1,2025-05-28,Available
HH1,2025-05-29,Available
HH1,2025-05-30,Available
HH1,2025-05-31,Available
HH1,2025-06-01,Available
HH1,2025-06-02,Available
HH2,2025-05-04,Available
HH2,2025-05-05,Available
HH2,2025-05-06,Available
HH2,2025-05-07,Available
HH2,2025-05-08,Available
HH2,2025-05-09,Available
HH2,2025-05-10,Available
HH2,2025-05-11,Available
HH2,2025-05-12,Available
HH2,2025-05-13,Available
HH2,2025-05-14,Available
HH2,2025-05-15,Available
HH2,2025-05-16,Available
HH2,2025-05-17,Available
HH2,2025-05-18,Available
HH2,2025-05-19,Available
HH2,2025-05-20,Available
HH2,2025-05-21,Available
HH2,2025-05-22,Available
HH2,2025-05-23,Available
HH2,2025-05-24,Available
HH2,2025-05-25,Available
HH2,2025-05-26,Available
HH2,2025-05-27,Available
HH2,2025-05-28,Available
HH2,2025-05-29,Available
HH2,2025-05-30,Available
HH2,2025-05-31,Available
HH2,2025-06-01,Available
HH2,2025-06-02,Available
HH3,2025-05-04,Available
HH3,2025-05-05,Available
HH3,2025-05-06,Available
HH3,2025-05-07,Available
HH3,2025-05-08,Available
HH3,2025-05-09,Available
HH3,2025-05-10,Available
HH3,2025-05-11,Available
HH3,2025-05-12,Available
HH3,2025-05-13,Available
HH3,2025-05-14,Available
HH3,2025-05-15,Available
HH3,2025-05-16,Available
HH3,2025-05-17,Available
HH3,2025-05-18,Available
HH3,2025-05-19,Available
HH3,2025-05-20,Available
HH3,2025-05-21,Available
HH3,2025-05-22,Available
HH3,2025-05-23,Available
HH3,2025-05-24,Available
HH3,2025-05-25,Available
HH3,2025-05-26,Available
HH3,2025-05-27,Available
HH3,2025-05-28,Available
HH3,2025-05-29,Available
HH3,2025-05-30,Available
HH3,2025-05-31,Available
HH3,2025-06-01,Available
HH3,2025-06-02,Available
HH4,2025-05-04,Available
HH4,2025-05-05,Available
HH4,2025-05-06,Available
HH4,2025-05-07,Available
HH4,2025-05-08,Available
HH4,2025-05-09,Available
HH4,2025-05-10,Available
HH4,2025-05-11,Available
HH4,2025-05-12,Available
HH4,2025-05-13,Available
HH4,2025-05-14,Available
HH4,2025-05-15,Available
HH4,2025-05-16,Available
HH4,2025-05-17,Available
HH4,2025-05-18,Available
HH4,2025-05-19,Available
HH4,2025-05-20,Available
HH4,2025-05-21,Available
HH4,2025-05-22,Available
HH4,2025-05-23,Available
HH4,2025-05-24,Available
HH4,2025-05-25,Available
HH4,2025-05-26,Available
HH4,2025-05-27,Available
HH4,2025-05-28,Available
HH4,2025-05-29,Available
HH4,2025-05-30,Available
HH4,2025-05-31,Available
HH4,2025-06-01,Available
HH4,2025-06-02,Available
HH5,2025-05-04,Available
HH5,2025-05-05,Available
HH5,2025-05-06,Available
HH5,2025-05-07,Available
HH5,2025-05-08,Available
HH5,2025-05-09,Available
HH5,2025-05-10,Available
HH5,2025-05-11,Available
HH5,2025-05-12,Available
HH5,2025-05-13,Available
HH5,2025-05-14,Available
HH5,2025-05-15,Available
HH5,2025-05-16,Available
HH5,2025-05-17,Available
HH5,2025-05-18,Available
HH5,2025-05-19,Available
HH5,2025-05-20,Available
HH5,2025-05-21,Available
HH5,2025-05-22,Available
HH5,2025-05-23,Available
HH5,2025-05-24,Available
HH5,2025-05-25,Available
HH5,2025-05-26,Available
HH5,2025-05-27,Available
HH5,2025-05-28,Available
HH5,2025-05-29,Available
HH5,2025-05-30,Available
HH5,2025-05-31,Available
HH5,2025-06-01,Available
HH5,2025-06-02,Available
HH6,2025-05-04,Available
HH6,2025-05-05,Available
HH6,2025-05-06,Available
HH6,2025-05-07,Available
HH6,2025-05-08,Available
HH6,2025-05-09,Available
HH6,2025-05-10,Available
HH6,2025-05-11,Available
HH6,2025-05-12,Available
HH6,2025-05-13,Available
HH6,2025-05-14,Available
HH6,2025-05-15,Available
HH6,2025-05-16,Available
HH6,2025-05-17,Available
HH6,2025-05-18,Available
HH6,2025-05-19,Available
HH6,2025-05-20,Available
HH6,2025-05-21,Available
HH6,2025-05-22,Available
HH6,2025-05-23,Available
HH6,2025-05-24,Available
HH6,2025-05-25,Available
HH6,2025-05-26,Available
HH6,2025-05-27,Available
HH6,2025-05-28,Available
HH6,2025-05-29,Available
HH6,2025-05-30,Available
HH6,2025-05-31,Available
HH6,2025-06-01,Available
HH6,2025-06-02,Available
HH7,2025-05-04,Available
HH7,2025-05-05,Available
HH7,2025-05-06,Available
HH7,2025-05-07,Available
HH7,2025-05-08,Available
HH7,2025-05-09,Available
HH7,2025-05-10,Available
HH7,2025-05-11,Available
HH7,2025-05-12,Available
HH7,2025-05-13,Available
HH7,2025-05-14,Available
HH7,2025-05-15,Available
HH7,2025-05-16,Available
HH7,2025-05-17,Available
HH7,2025-05-18,Available
HH7,2025-05-19,Available
HH7,2025-05-20,Available
HH7,2025-05-21,Available
HH7,2025-05-22,Available
HH7,2025-05-23,Available
HH7,2025-05-24,Available
HH7,2025-05-25,Available
HH7,2025-05-26,Available
HH7,2025-05-27,Available
HH7,2025-05-28,Available
HH7,2025-05-29,Available
HH7,2025-05-30,Available
HH7,2025-05-31,Available
HH7,2025-06-01,Available
HH7,2025-06-02,Available
HH8,2025-05-04,Available
HH8,2025-05-05,Available
HH8,2025-05-06,Available
HH8,2025-05-07,Available
HH8,2025-05-08,Available
HH8,2025-05-09,Available
HH8,2025-05-10,Available
HH8,2025-05-11,Available
HH8,2025-05-12,Available
HH8,2025-05-13,Available
HH8,2025-05-14,Available
HH8,2025-05-15,Available
HH8,2025-05-16,Available
HH8,2025-05-17,Available
HH8,2025-05-18,Available
HH8,2025-05-19,Available
HH8,2025-05-20,Available
HH8,2025-05-21,Available
HH8,2025-05-22,Available
HH8,2025-05-23,Available
HH8,2025-05-24,Available
HH8,2025-05-25,Available
HH8,2025-05-26,Available
HH8,2025-05-27,Available
HH8,2025-05-28,Available
HH8,2025-05-29,Available
HH8,2025-05-30,Available
HH8,2025-05-31,Available
HH8,2025-06-01,Available
HH8,2025-06-02,Available
HH9,2025-05-04,Available
HH9,2025-05-05,Available
HH9,2025-05-06,Available
HH9,2025-05-07,Available
HH9,2025-05-08,Available
HH9,2025-05-09,Available
HH9,2025-05-10,Available
HH9,2025-05-11,Available
HH9,2025-05-12,Available
HH9,2025-05-13,Available
HH9,2025-05-14,Available
HH9,2025-05-15,Available
HH9,2025-05-16,Available
HH9,2025-05-17,Available
HH9,2025-05-18,Available
HH9,2025-05-19,Available
HH9,2025-05-20,Available
HH9,2025-05-21,Available
HH9,2025-05-22,Available
HH9,2025-05-23,Available
HH9,2025-05-24,Available
HH9,2025-05-25,Available
HH9,2025-05-26,Available
HH9,2025-05-27,Available
HH9,2025-05-28,Available
HH9,2025-05-29,Available
HH9,2025-05-30,Available
HH9,2025-05-31,Available
HH9,2025-06-01,Available
HH9,2025-06-02,Available
P0,2025-05-04,Available
P0,2025-05-05,Available
P0,2025-05-06,Available
P0,2025-05-07,Available
P0,2025-05-08,Available
P0,2025-05-09,Available
P0,2025-05-10,Available
P0,2025-05-11,Available
P0,2025-05-12,Available
P0,2025-05-13,Available
P0,2025-05-14,Available
P0,2025-05-15,Available
P0,2025-05-16,Available
P0,2025-05-17,Available
P0,2025-05-18,Available
P0,2025-05-19,Available
P0,2025-05-20,Available
P0,2025-05-21,Available
P0,2025-05-22,Available
P0,2025-05-23,Available
P0,2025-05-24,Available
P0,2025-05-25,Available
P0,2025-05-26,Available
P0,2025-05-27,Available
P0,2025-05-28,Available
P0,2025-05-29,Available
P0,2025-05-30,Available
P0,2025-05-31,Available
P0,2025-06-01,Available
P0,2025-06-02,Available
P1,2025-05-04,Available
P1,2025-05-05,Available
P1,2025-05-06,Available
P1,2025-05-07,Available
P1,2025-05-08,Available
P1,2025-05-09,Available
P1,2025-05-10,Available
P1,2025-05-11,Available
P1,2025-05-12,Available
P1,2025-05-13,Available
P1,2025-05-14,Available
P1,2025-05-15,Available
P1,2025-05-16,Available
P1,2025-05-17,Available
P1,2025-05-18,Available
P1,2025-05-19,Available
P1,2025-05-20,Available
P1,2025-05-21,Available
P1,2025-05-22,Available
P1,2025-05-23,Available
P1,2025-05-24,Available
P1,2025-05-25,Available
P1,2025-05-26,Available
P1,2025-05-27,Available
P1,2025-05-28,Available
P1,2025-05-29,Available
P1,2025-05-30,Available
P1,2025-05-31,Available
P1,2025-06-01,Available
P1,2025-06-02,Available
P2,2025-05-04,Available
P2,2025-05-05,Available
P2,2025-05-06,Available
P2,2025-05-07,Available
P2,2025-05-08,Available
P2,2025-05-09,Available
P2,2025-05-10,Available
P2,2025-05-11,Available
P2,2025-05-12,Available
P2,2025-05-13,Available
P2,2025-05-14,Available
P2,2025-05-15,Available
P2,2025-05-16,Available
P2,2025-05-17,Available
P2,2025-05-18,Available
P2,2025-05-19,Available
P2,2025-05-20,Available
P2,2025-05-21,Available
P2,2025-05-22,Available
P2,2025-05-23,Available
P2,2025-05-24,Available
P2,2025-05-25,Available
P2,2025-05-26,Available
P2,2025-05-27,Available
P2,2025-05-28,Available
P2,2025-05-29,Available
P2,2025-05-30,Available
P2,2025-05-31,Available
P2,2025-06-01,Available
P2,2025-06-02,Available
P3,2025-05-04,Available
P3,2025-05-05,Available
P3,2025-05-06,Available
P3,2025-05-07,Available
P3,2025-05-08,Available
P3,2025-05-09,Available
P3,2025-05-10,Available
P3,2025-05-11,Available
P3,2025-05-12,Available
P3,2025-05-13,Available
P3,2025-05-14,Available
P3,2025-05-15,Available
P3,2025-05-16,Available
P3,2025-05-17,Available
P3,2025-05-18,Available
P3,2025-05-19,Available
P3,2025-05-20,Available
P3,2025-05-21,Available
P3,2025-05-22,Available
P3,2025-05-23,Available
P3,2025-05-24,Available
P3,2025-05-25,Available
P3,2025-05-26,Available
P3,2025-05-27,Available
P3,2025-05-28,Available
P3,2025-05-29,Available
P3,2025-05-30,Available
P3,2025-05-31,Available
P3,2025-06-01,Available
P3,2025-06-02,Available
P4,2025-05-04,Available
P4,2025-05-05,Available
P4,2025-05-06,Available
P4,2025-05-07,Available
P4,2025-05-08,Available
P4,2025-05-09,Available
P4,2025-05-10,Available
P4,2025-05-11,Available
P4,2025-05-12,Available
P4,2025-05-13,Available
P4,2025-05-14,Available
P4,2025-05-15,Available
P4,2025-05-16,Available
P4,2025-05-17,Available
P4,2025-05-18,Available
P4,2025-05-19,Available
P4,2025-05-20,Available
P4,2025-05-21,Available
P4,2025-05-22,Available
P4,2025-05-23,Available
P4,2025-05-24,Available
P4,2025-05-25,Available
P4,2025-05-26,Available
P4,2025-05-27,Available
P4,2025-05-28,Available
P4,2025-05-29,Available
P4,2025-05-30,Available
P4,2025-05-31,Available
P4,2025-06-01,Available
P4,2025-06-02,Available
P5,2025-05-04,Available
P5,2025-05-05,Available
P5,2025-05-06,Available
P5,2025-05-07,Available
P5,2025-05-08,Available
P5,2025-05-09,Available
P5,2025-05-10,Available
P5,2025-05-11,Available
P5,2025-05-12,Available
P5,2025-05-13,Available
P5,2025-05-14,Available
P5,2025-05-15,Available
P5,2025-05-16,Available
P5,2025-05-17,Available
P5,2025-05-18,Available
P5,2025-05-19,Available
P5,2025-05-20,Available
P5,2025-05-21,Available
P5,2025-05-22,Available
P5,2025-05-23,Available
P5,2025-05-24,Available
P5,2025-05-25,Available
P5,2025-05-26,Available
P5,2025-05-27,Available
P5,2025-05-28,Available
P5,2025-05-29,Available
P5,2025-05-30,Available
P5,2025-05-31,Available
P5,2025-06-01,Available
P5,2025-06-02,Available
P6,2025-05-04,Available
P6,2025-05-05,Available
P6,2025-05-06,Available
P6,2025-05-07,Available
P6,2025-05-08,Available
P6,2025-05-09,Available
P6,2025-05-10,Available
P6,2025-05-11,Available
P6,2025-05-12,Available
P6,2025-05-13,Available
P6,2025-05-14,Available
P6,2025-05-15,Available
P6,2025-05-16,Available
P6,2025-05-17,Available
P6,2025-05-18,Available
P6,2025-05-19,Available
P6,2025-05-20,Available
P6,2025-05-21,Available
P6,2025-05-22,Available
P6,2025-05-23,Available
P6,2025-05-24,Available
P6,2025-05-25,Available
P6,2025-05-26,Available
P6,2025-05-27,Available
P6,2025-05-28,Available
P6,2025-05-29,Available
P6,2025-05-30,Available
P6,2025-05-31,Available
P6,2025-06-01,Available
P6,2025-06-02,Available
P7,2025-05-04,Available
P7,2025-05-05,Available
P7,2025-05-06,Available
P7,2025-05-07,Available
P7,2025-05-08,Available
P7,2025-05-09,Available
P7,2025-05-10,Available
P7,2025-05-11,Available
P7,2025-05-12,Available
P7,2025-05-13,Available
P7,2025-05-14,Available
P7,2025-05-15,Available
P7,2025-05-16,Available
P7,2025-05-17,Available
P7,2025-05-18,Available
P7,2025-05-19,Available
P7,2025-05-20,Available
P7,2025-05-21,Available
P7,2025-05-22,Available
P7,2025-05-23,Available
P7,2025-05-24,Available
P7,2025-05-25,Available
P7,2025-05-26,Available
P7,2025-05-27,Available
P7,2025-05-28,Available
P7,2025-05-29,Available
P7,2025-05-30,Available
P7,2025-05-31,Available
P7,2025-06-01,Available
P7,2025-06-02,Available
P8,2025-05-04,Available
P8,2025-05-05,Available
P8,2025-05-06,Available
P8,2025-05-07,Available
P8,2025-05-08,Available
P8,2025-05-09,Available
P8,2025-05-10,Available
P8,2025-05-11,Available
P8,2025-05-12,Available
P8,2025-05-13,Available
P8,2025-05-14,Available
P8,2025-05-15,Available
P8,2025-05-16,Available
P8,2025-05-17,Available
P8,2025-05-18,Available
P8,2025-05-19,Available
P8,2025-05-20,Available
P8,2025-05-21,Available
P8,2025-05-22,Available
P8,2025-05-23,Available
P8,2025-05-24,Available
P8,2025-05-25,Available
P8,2025-05-26,Available
P8,2025-05-27,Available
P8,2025-05-28,Available
P8,2025-05-29,Available
P8,2025-05-30,Available
P8,2025-05-31,Available
P8,2025-06-01,Available
P8,2025-06-02,Available
P9,2025-05-04,Available
P9,2025-05-05,Available
P9,2025-05-06,Available
P9,2025-05-07,Available
P9,2025-05-08,Available
P9,2025-05-09,Available
P9,2025-05-10,Available
P9,2025-05-11,Available
P9,2025-05-12,Available
P9,2025-05-13,Available
P9,2025-05-14,Available
P9,2025-05-15,Available
P9,2025-05-16,Available
P9,2025-05-17,Available
P9,2025-05-18,Available
P9,2025-05-19,Available
P9,2025-05-20,Available
P9,2025-05-21,Available
P9,2025-05-22,Available
P9,2025-05-23,Available
P9,2025-05-24,Available
P9,2025-05-25,Available
P9,2025-05-26,Available
P9,2025-05-27,Available
P9,2025-05-28,Available
P9,2025-05-29,Available
P9,2025-05-30,Available
P9,2025-05-31,Available
P9,2025-06-01,Available
P9,2025-06-02,Available
K0,2025-05-04,Available
K0,2025-05-05,Available
K0,2025-05-06,Available
K0,2025-05-07,Available
K0,2025-05-08,Available
K0,2025-05-09,Available
K0,2025-05-10,Available
K0,2025-05-11,Available
K0,2025-05-12,Available
K0,2025-05-13,Available
K0,2025-05-14,Available
K0,2025-05-15,Available
K0,2025-05-16,Available
K0,2025-05-17,Available
K0,2025-05-18,Available
K0,2025-05-19,Available
K0,2025-05-20,Available
K0,2025-05-21,Available
K0,2025-05-22,Available
K0,2025-05-23,Available
K0,2025-05-24,Available
K0,2025-05-25,Available
K0,2025-05-26,Available
K0,2025-05-27,Available
K0,2025-05-28,Available
K0,2025-05-29,Available
K0,2025-05-30,Available
K0,2025-05-31,Available
K0,2025-06-01,Available
K0,2025-06-02,Available
K1,2025-05-04,Available
K1,2025-05-05,Available
K1,2025-05-06,Available
K1,2025-05-07,Available
K1,2025-05-08,Available
K1,2025-05-09,Available
K1,2025-05-10,Available
K1,2025-05-11,Available
K1,2025-05-12,Available
K1,2025-05-13,Available
K1,2025-05-14,Available
K1,2025-05-15,Available
K1,2025-05-16,Available
K1,2025-05-17,Available
K1,2025-05-18,Available
K1,2025-05-19,Available
K1,2025-05-20,Available
K1,2025-05-21,Available
K1,2025-05-22,Available
K1,2025-05-23,Available
K1,2025-05-24,Available
K1,2025-05-25,Available
K1,2025-05-26,Available
K1,2025-05-27,Available
K1,2025-05-28,Available
K1,2025-05-29,Available
K1,2025-05-30,Available
K1,2025-05-31,Available
K1,2025-06-01,Available
K1,2025-06-02,Available
K2,2025-05-04,Available
K2,2025-05-05,Available
K2,2025-05-06,Available
K2,2025-05-07,Available
K2,2025-05-08,Available
K2,2025-05-09,Available
K2,2025-05-10,Available
K2,2025-05-11,Available
K2,2025-05-12,Available
K2,2025-05-13,Available
K2,2025-05-14,Available
K2,2025-05-15,Available
K2,2025-05-16,Available
K2,2025-05-17,Available
K2,2025-05-18,Available
K2,2025-05-19,Available
K2,2025-05-20,Available
K2,2025-05-21,Available
K2,2025-05-22,Available
K2,2025-05-23,Available
K2,2025-05-24,Available
K2,2025-05-25,Available
K2,2025-05-26,Available
K2,2025-05-27,Available
K2,2025-05-28,Available
K2,2025-05-29,Available
K2,2025-05-30,Available
K2,2025-05-31,Available
K2,2025-06-01,Available
K2,2025-06-02,Available
K3,2025-05-04,Available
K3,2025-05-05,Available
K3,2025-05-06,Available
K3,2025-05-07,Available
K3,2025-05-08,Available
K3,2025-05-09,Available
K3,2025-05-10,Available
K3,2025-05-11,Available
K3,2025-05-12,Available
K3,2025-05-13,Available
K3,2025-05-14,Available
K3,2025-05-15,Available
K3,2025-05-16,Available
K3,2025-05-17,Available
K3,2025-05-18,Available
K3,2025-05-19,Available
K3,2025-05-20,Available
K3,2025-05-21,Available
K3,2025-05-22,Available
K3,2025-05-23,Available
K3,2025-05-24,Available
K3,2025-05-25,Available
K3,2025-05-26,Available
K3,2025-05-27,Available
K3,2025-05-28,Available
K3,2025-05-29,Available
K3,2025-05-30,Available
K3,2025-05-31,Available
K3,2025-06-01,Available
K3,2025-06-02,Available
K4,2025-05-04,Available
K4,2025-05-05,Available
K4,2025-05-06,Available
K4,2025-05-07,Available
K4,2025-05-08,Available
K4,2025-05-09,Available
K4,2025-05-10,Available
K4,2025-05-11,Available
K4,2025-05-12,Available
K4,2025-05-13,Available
K4,2025-05-14,Available
K4,2025-05-15,Available
K4,2025-05-16,Available
K4,2025-05-17,Available
K4,2025-05-18,Available
K4,2025-05-19,Available
K4,2025-05-20,Available
K4,2025-05-21,Available
K4,2025-05-22,Available
K4,2025-05-23,Available
K4,2025-05-24,Available
K4,2025-05-25,Available
K4,2025-05-26,Available
K4,2025-05-27,Available
K4,2025-05-28,Available
K4,2025-05-29,Available
K4,2025-05-30,Available
K4,2025-05-31,Available
K4,2025-06-01,Available
K4,2025-06-02,Available
K5,2025-05-04,Available
K5,2025-05-05,Available
K5,2025-05-06,Available
K5,2025-05-07,Available
K5,2025-05-08,Available
K5,2025-05-09,Available
K5,2025-05-10,Available
K5,2025-05-11,Available
K5,2025-05-12,Available
K5,2025-05-13,Available
K5,2025-05-14,Available
K5,2025-05-15,Available
K5,2025-05-16,Available
K5,2025-05-17,Available
K5,2025-05-18,Available
K5,2025-05-19,Available
K5,2025-05-20,Available
K5,2025-05-21,Available
K5,2025-05-22,Available
K5,2025-05-23,Available
K5,2025-05-24,Available
K5,2025-05-25,Available
K5,2025-05-26,Available
K5,2025-05-27,Available
K5,2025-05-28,Available
K5,2025-05-29,Available
K5,2025-05-30,Available
K5,2025-05-31,Available
K5,2025-06-01,Available
K5,2025-06-02,Available
K6,2025-05-04,Available
K6,2025-05-05,Available
K6,2025-05-06,Available
K6,2025-05-07,Available
K6,2025-05-08,Available
K6,2025-05-09,Available
K6,2025-05-10,Available
K6,2025-05-11,Available
K6,2025-05-12,Available
K6,2025-05-13,Available
K6,2025-05-14,Available
K6,2025-05-15,Available
K6,2025-05-16,Available
K6,2025-05-17,Available
K6,2025-05-18,Available
K6,2025-05-19,Available
K6,2025-05-20,Available
K6,2025-05-21,Available
K6,2025-05-22,Available
K6,2025-05-23,Available
K6,2025-05-24,Available
K6,2025-05-25,Available
K6,2025-05-26,Available
K6,2025-05-27,Available
K6,2025-05-28,Available
K6,2025-05-29,Available
K6,2025-05-30,Available
K6,2025-05-31,Available
K6,2025-06-01,Available
K6,2025-06-02,Available
K7,2025-05-04,Available
K7,2025-05-05,Available
K7,2025-05-06,Available
K7,2025-05-07,Available
K7,2025-05-08,Available
K7,2025-05-09,Available
K7,2025-05-10,Available
K7,2025-05-11,Available
K7,2025-05-12,Available
K7,2025-05-13,Available
K7,2025-05-14,Available
K7,2025-05-15,Available
K7,2025-05-16,Available
K7,2025-05-17,Available
K7,2025-05-18,Available
K7,2025-05-19,Available
K7,2025-05-20,Available
K7,2025-05-21,Available
K7,2025-05-22,Available
K7,2025-05-23,Available
K7,2025-05-24,Available
K7,2025-05-25,Available
K7,2025-05-26,Available
K7,2025-05-27,Available
K7,2025-05-28,Available
K7,2025-05-29,Available
K7,2025-05-30,Available
K7,2025-05-31,Available
K7,2025-06-01,Available
K7,2025-06-02,Available
K8,2025-05-04,Available
K8,2025-05-05,Available
K8,2025-05-06,Available
K8,2025-05-07,Available
K8,2025-05-08,Available
K8,2025-05-09,Available
K8,2025-05-10,Available
K8,2025-05-11,Available
K8,2025-05-12,Available
K8,2025-05-13,Available
K8,2025-05-14,Available
K8,2025-05-15,Available
K8,2025-05-16,Available
K8,2025-05-17,Available
K8,2025-05-18,Available
K8,2025-05-19,Available
K8,2025-05-20,Available
K8,2025-05-21,Available
K8,2025-05-22,Available
K8,2025-05-23,Available
K8,2025-05-24,Available
K8,2025-05-25,Available
K8,2025-05-26,Available
K8,2025-05-27,Available
K8,2025-05-28,Available
K8,2025-05-29,Available
K8,2025-05-30,Available
K8,2025-05-31,Available
K8,2025-06-01,Available
K8,2025-06-02,Available
K9,2025-05-04,Available
K9,2025-05-05,Available
K9,2025-05-06,Available
K9,2025-05-07,Available
K9,2025-05-08,Available
K9,2025-05-09,Available
K9,2025-05-10,Available
K9,2025-05-11,Available
K9,2025-05-12,Available
K9,2025-05-13,Available
K9,2025-05-14,Available
K9,2025-05-15,Available
K9,2025-05-16,Available
K9,2025-05-17,Available
K9,2025-05-18,Available
K9,2025-05-19,Available
K9,2025-05-20,Available
K9,2025-05-21,Available
K9,2025-05-22,Available
K9,2025-05-23,Available
K9,2025-05-24,Available
K9,2025-05-25,Available
K9,2025-05-26,Available
K9,2025-05-27,Available
K9,2025-05-28,Available
K9,2025-05-29,Available
K9,2025-05-30,Available
K9,2025-05-31,Available
K9,2025-06-01,Available
K9,2025-06-02,Available
